user_input,bot_response,feedback
Hello,Hello! How can I help you today?,1
Hello,I don't understand,0
What is AI?,AI is artificial intelligence,1
What is AI?,I have no idea,0
Tell me a joke,Why did the chicken cross the road?,1
Tell me a joke,I can't do that,0
Hi,Hi there!,1
Hi,Error occurred,0what is AI?,"Artificial Intelligence (AI) is a field of computer science that focuses on creating intelligent machines that can perform tasks that typically require human intelligence, such as:

1. **Learning**: AI systems can learn from data and improve their performance over time.
2. **Problem-solving**: AI systems can solve complex problems, make decisions, and take actions.
3. **Perception**: AI systems can interpret and understand data from the environment, such as images, speech, and text.
4. **Reasoning**: AI systems can draw conclusions, make inferences, and understand relationships between data.
5. **Creativity**: AI systems can generate new ideas, music, art, and other creative content.

AI is a broad term that encompasses various techniques and approaches, including:

1. **Machine learning**: A type of AI that enables systems to learn from data and improve their performance on a specific task.
2. **Deep learning**: A type of machine learning that uses neural networks with multiple layers to analyze and interpret complex data.
3. **Natural language processing (NLP)**: A type of AI that enables systems to understand, generate, and process human language.
4. **Computer vision**: A type of AI that enables systems to interpret and understand visual data from images and videos.
5. **Robotics**: A type of AI that enables systems to interact with and control physical environments.

The goals of AI research include:

1. **Autonomy**: Developing systems that can operate independently and make decisions without human intervention.
2. **Efficiency**: Developing systems that can perform tasks more quickly and accurately than humans.
3. **Flexibility**: Developing systems that can adapt to new situations and tasks.
4. **Creativity**: Developing systems that can generate new ideas and content.

AI is applied in various industries, including:

1. **Healthcare**: AI is used to analyze medical images, diagnose diseases, and develop personalized treatment plans.
2. **Finance**: AI is used to analyze financial data, detect fraud, and make investment decisions.
3. **Transportation**: AI is used to develop autonomous vehicles, optimize traffic flow, and improve safety.
4. **Customer service**: AI is used to provide personalized customer support, answer questions, and resolve issues.
5. **Education**: AI is used to develop personalized learning plans, grade assignments, and provide feedback.

The benefits of AI include:

1. **Increased efficiency**: AI systems can perform tasks more quickly and accurately than humans.
2. **Improved accuracy**: AI systems can reduce errors and improve decision-making.
3. **Enhanced creativity**: AI systems can generate new ideas and content.
4. **Increased accessibility**: AI systems can provide services and support to people with disabilities.

However, AI also raises concerns about:

1. **Job displacement**: AI systems may automate tasks that were previously performed by humans.
2. **Bias and fairness**: AI systems may perpetuate biases and prejudices present in the data used to train them.
3. **Security and privacy**: AI systems may be vulnerable to cyber attacks and data breaches.
4. **Accountability**: AI systems may make decisions that are difficult to understand or explain.

In conclusion, AI is a rapidly evolving field that has the potential to transform various aspects of our lives. While AI offers many benefits, it also raises important concerns that must be addressed through careful research, development, and deployment.",1
Explain ML,"**What is Machine Learning (ML)?**

Machine Learning (ML) is a subset of Artificial Intelligence (AI) that involves training algorithms to learn from data and make predictions or decisions without being explicitly programmed. In other words, ML allows computers to improve their performance on a task without being told exactly how to do it.

**Key Components of Machine Learning**

1. **Data**: ML algorithms require large datasets to learn from. These datasets can be structured or unstructured, and can come from various sources such as text, images, audio, or video.
2. **Algorithms**: ML algorithms are designed to analyze the data and make predictions or decisions. These algorithms can be classified into two main categories: supervised and unsupervised learning.
3. **Model**: A model is a representation of the relationship between the input data and the output prediction or decision. The model is trained on the data and can be used to make predictions on new, unseen data.
4. **Training**: The process of training a model involves adjusting the model's parameters to minimize the difference between the predicted output and the actual output.

**Types of Machine Learning**

1. **Supervised Learning**: In supervised learning, the algorithm is trained on labeled data, where the correct output is already known. The goal is to learn a mapping between the input data and the output labels.
2. **Unsupervised Learning**: In unsupervised learning, the algorithm is trained on unlabeled data, and the goal is to discover patterns or relationships in the data.
3. **Reinforcement Learning**: In reinforcement learning, the algorithm learns by interacting with an environment and receiving feedback in the form of rewards or penalties.

**Machine Learning Techniques**

1. **Linear Regression**: A linear regression algorithm is used to predict a continuous output variable based on one or more input variables.
2. **Decision Trees**: A decision tree algorithm is used to classify data into different categories based on a set of rules.
3. **Neural Networks**: A neural network algorithm is inspired by the structure and function of the human brain. It consists of multiple layers of interconnected nodes (neurons) that process and transmit information.
4. **Clustering**: A clustering algorithm is used to group similar data points together based on their features.
5. **Dimensionality Reduction**: A dimensionality reduction algorithm is used to reduce the number of features in a dataset while retaining most of the information.

**Applications of Machine Learning**

1. **Image Recognition**: ML algorithms can be used to recognize objects, people, or scenes in images.
2. **Speech Recognition**: ML algorithms can be used to recognize spoken words and transcribe them into text.
3. **Natural Language Processing**: ML algorithms can be used to analyze and generate human language.
4. **Predictive Maintenance**: ML algorithms can be used to predict when maintenance is required on equipment or machinery.
5. **Recommendation Systems**: ML algorithms can be used to recommend products or services to customers based on their preferences and behavior.

**Challenges of Machine Learning**

1. **Data Quality**: ML algorithms require high-quality data to learn from. Poor data quality can lead to biased or inaccurate results.
2. **Overfitting**: ML algorithms can overfit the training data, resulting in poor performance on new, unseen data.
3. **Interpretability**: ML algorithms can be difficult to interpret, making it challenging to understand why a particular decision was made.
4. **Scalability**: ML algorithms can be computationally expensive and require significant resources to train and deploy.

**Future of Machine Learning**

1. **Explainability**: As ML becomes more widespread, there is a growing need to develop algorithms that can provide insights into their decision-making processes.
2. **Transfer Learning**: Transfer learning allows ML algorithms to leverage pre-trained models and adapt them to new tasks, reducing the need for large amounts of data and computational resources.
3. **Edge AI**: Edge AI involves deploying ML models on edge devices, such as smartphones or IoT devices, to reduce latency and improve performance.
4. **Autonomous Systems**: Autonomous systems, such as self-driving cars, rely on ML algorithms to make decisions in real-time, requiring high levels of accuracy and reliability.",1
Tell me a joke,"I'd be happy to share a joke with you. Here's one:

**Why couldn't the bicycle stand up by itself?**

(wait for it...)

**Because it was two-tired!**

This joke is a play on words, using the phrase ""two-tired"" to imply that the bicycle's tires are flat, but also referencing the phrase ""too tired,"" which means exhausted. It's a lighthearted and silly joke that's sure to bring a smile to your face.

I hope that made you laugh! Do you want to hear another one?",1
Is AI dangerous?,"The question of whether AI is dangerous is complex and has sparked debate among experts. Here's a simple explanation:

**What we know:**

1. **AI can make mistakes**: Like any machine, AI systems can make errors, especially if their training data is incomplete, biased, or incorrect.
2. **AI can be used for harm**: AI can be used to create malicious tools, such as deepfakes, cyberattacks, or autonomous weapons, that can cause physical or financial harm.
3. **AI can be unpredictable**: As AI systems become more complex, it's harder to predict their behavior, which can lead to unexpected and potentially catastrophic consequences.

**What we don't know:**

1. **AI's long-term potential**: We're still in the early stages of AI development, and it's difficult to predict what AI will be capable of in the future.
2. **AI's ethics and accountability**: As AI becomes more autonomous, it's unclear who will be responsible for its actions and decisions.

**The good news:**

1. **AI is being designed with safety in mind**: Many researchers and developers are working on creating AI systems that are transparent, explainable, and aligned with human values.
2. **Regulatory frameworks are emerging**: Governments and organizations are establishing guidelines and regulations to ensure that AI is developed and used responsibly.

**The bottom line:**

While AI has the potential to be dangerous, it's not inherently evil. With careful design, development, and regulation, AI can be a powerful tool for improving human lives. However, it's essential to be aware of the risks and to prioritize safety, ethics, and accountability in AI development.",1
What is data science?,"**What is Data Science?**

Data science is a field that combines technology, statistics, and problem-solving to extract insights and knowledge from data. It involves collecting, analyzing, and interpreting data to answer questions, solve problems, and make informed decisions.

Think of it like this:

1. **Data**: You have a bunch of information, like numbers, words, or images.
2. **Science**: You use scientific methods and techniques to analyze and understand the data.
3. **Data Science**: You use the insights and knowledge gained from the data to make predictions, solve problems, or inform decisions.

Data science involves various activities, such as:

1. **Data collection**: Gathering data from various sources.
2. **Data cleaning**: Making sure the data is accurate and complete.
3. **Data analysis**: Using statistical and computational methods to understand the data.
4. **Data visualization**: Presenting the insights and findings in a clear and meaningful way.

The goal of data science is to turn data into actionable insights that can drive business decisions, improve operations, or solve complex problems.

**Example**: A company might use data science to analyze customer behavior, detect trends, and make predictions about future sales. This can help them optimize their marketing strategies and improve their bottom line.

In short, data science is a powerful tool that helps us make sense of the world by extracting insights and knowledge from data.",1
tell me a joke,"Here's one for you:

A man walked into a library and asked the librarian, ""Do you have any books on Pavlov's dogs and Schrödinger's cat?""

The librarian replied, ""It rings a bell, but I'm not sure if it's here or not.""

This joke combines two complex scientific concepts – Pavlov's dogs (classical conditioning) and Schrödinger's cat (quantum superposition) – in a clever and humorous way. The punchline plays on the fact that Pavlov's dogs were conditioned to associate a bell with food, so the librarian's response is a clever connection to Pavlov's work. However, the second part of the joke references Schrödinger's cat, which is in a state of superposition (both alive and dead at the same time), creating a sense of ambiguity and uncertainty.",1
what i AI?,"**What is AI?**

Artificial Intelligence (AI) refers to the development of computer systems that can perform tasks that typically require human intelligence. These tasks include learning, problem-solving, decision-making, perception, and understanding language. The primary goal of AI is to create machines that can simulate human-like intelligence, enabling them to interact with humans and other machines in a more natural and intelligent way.

**History of AI**

The term ""Artificial Intelligence"" was first coined in 1956 by computer scientist John McCarthy, who organized a conference on AI at Dartmouth College. Since then, AI has undergone significant developments, with major advancements in the 1980s and 1990s. The field has continued to evolve, with AI becoming increasingly pervasive in various aspects of our lives.

**Key Components of AI**

AI systems typically consist of three primary components:

1. **Machine Learning (ML)**: ML is a subset of AI that enables machines to learn from data, without being explicitly programmed. This involves training algorithms on large datasets, which allows the machine to improve its performance over time.
2. **Natural Language Processing (NLP)**: NLP is a subfield of AI that deals with the interaction between computers and human language. This includes text analysis, speech recognition, and language translation.
3. **Computer Vision**: Computer vision is a subfield of AI that enables machines to interpret and understand visual data from images and videos.

**Types of AI**

There are several types of AI, including:

1. **Narrow or Weak AI**: This type of AI is designed to perform a specific task, such as playing chess, recognizing faces, or transcribing speech. Narrow AI is trained on a particular dataset and is not capable of general reasoning.
2. **General or Strong AI**: This type of AI is capable of general reasoning, learning, and problem-solving. General AI is still in its infancy and is a subject of ongoing research.
3. **Superintelligence**: Superintelligence refers to AI that significantly surpasses human intelligence in a particular domain or across multiple domains.

**Applications of AI**

AI has a wide range of applications, including:

1. **Virtual Assistants**: AI-powered virtual assistants, such as Siri, Alexa, and Google Assistant, can perform tasks, answer questions, and provide information.
2. **Image Recognition**: AI-powered image recognition systems can identify objects, people, and scenes in images and videos.
3. **Speech Recognition**: AI-powered speech recognition systems can transcribe spoken language into text.
4. **Predictive Maintenance**: AI-powered predictive maintenance systems can predict equipment failures and schedule maintenance, reducing downtime and increasing efficiency.
5. **Healthcare**: AI is being used in healthcare to analyze medical images, diagnose diseases, and personalize treatment plans.

**Benefits of AI**

The benefits of AI include:

1. **Increased Efficiency**: AI can automate repetitive tasks, freeing up human time for more strategic and creative work.
2. **Improved Accuracy**: AI can perform tasks with high accuracy, reducing errors and improving decision-making.
3. **Enhanced Customer Experience**: AI-powered chatbots and virtual assistants can provide 24/7 customer support, improving customer satisfaction.
4. **Cost Savings**: AI can help reduce costs by increasing efficiency, reducing waste, and improving supply chain management.

**Challenges of AI**

The challenges of AI include:

1. **Job Displacement**: AI has the potential to displace human workers, particularly in sectors where tasks are repetitive or can be easily automated.
2. **Bias and Fairness**: AI systems can perpetuate biases and unfairness, particularly if they are trained on biased data.
3. **Security Risks**: AI systems can be vulnerable to security risks, particularly if they are not properly secured or audited.
4. **Ethical Concerns**: AI raises ethical concerns, particularly around issues such as accountability, transparency, and responsibility.

In conclusion, AI refers to the development of computer systems that can perform tasks that typically require human intelligence. The field of AI has undergone significant developments, with major advancements in machine learning, natural language processing, and computer vision. AI has a wide range of applications, including virtual assistants, image recognition, speech recognition, predictive maintenance, and healthcare. However, AI also raises challenges, including job displacement, bias and fairness, security risks, and ethical concerns.",1
what is AI?,"**What is Artificial Intelligence (AI)?**

Artificial Intelligence (AI) refers to the development of computer systems that can perform tasks that typically require human intelligence, such as:

1. Learning: AI systems can learn from data, experiences, and interactions.
2. Problem-solving: AI can identify problems, analyze data, and develop solutions.
3. Reasoning: AI can draw conclusions, make decisions, and justify its actions.
4. Perception: AI can interpret and understand data from sensors, images, and other sources.
5. Language understanding: AI can comprehend and generate human language.

**Key Components of AI:**

1. **Machine Learning (ML):** A subset of AI that enables systems to learn from data and improve their performance over time.
2. **Deep Learning (DL):** A type of ML that uses neural networks to analyze and interpret complex data.
3. **Natural Language Processing (NLP):** A field of AI that deals with the interaction between computers and humans in natural language.
4. **Computer Vision:** A field of AI that enables computers to interpret and understand visual data from images and videos.
5. **Robotics:** A field of AI that deals with the design, construction, and operation of robots that can perform tasks autonomously.

**Types of AI:**

1. **Narrow or Weak AI:** Designed to perform a specific task, such as facial recognition or language translation.
2. **General or Strong AI:** A hypothetical AI system that possesses human-like intelligence and can perform any intellectual task.
3. **Superintelligence:** A hypothetical AI system that is significantly more intelligent than the best human minds.
4. **Artificial General Intelligence (AGI):** A type of AI that can perform any intellectual task that a human can.

**Applications of AI:**

1. **Virtual Assistants:** AI-powered assistants, such as Siri, Alexa, and Google Assistant.
2. **Image Recognition:** AI-powered systems that can identify objects, people, and scenes in images.
3. **Natural Language Processing:** AI-powered systems that can understand and generate human language.
4. **Predictive Maintenance:** AI-powered systems that can predict equipment failure and schedule maintenance.
5. **Healthcare:** AI-powered systems that can analyze medical data, diagnose diseases, and develop personalized treatment plans.

**Benefits of AI:**

1. **Improved Efficiency:** AI can automate tasks, freeing up human time for more creative and strategic work.
2. **Enhanced Decision-Making:** AI can analyze large datasets and provide insights that inform decision-making.
3. **Increased Accuracy:** AI can reduce errors and improve accuracy in tasks such as data entry and image recognition.
4. **Personalization:** AI can provide personalized experiences and recommendations based on individual preferences and behavior.

**Challenges and Limitations of AI:**

1. **Bias and Fairness:** AI systems can perpetuate biases and discriminate against certain groups.
2. **Job Displacement:** AI may displace human workers in certain industries.
3. **Security and Ethics:** AI systems can be vulnerable to cyber attacks and raise ethical concerns.
4. **Explainability:** AI systems can be difficult to understand and interpret.

In summary, Artificial Intelligence (AI) refers to the development of computer systems that can perform tasks that typically require human intelligence. AI has many applications, benefits, and challenges, and is an exciting and rapidly evolving field that has the potential to transform many aspects of our lives.",1
